name,family,factor_style,nature,pit_safe,engine,inputs,warmup,output,author_removed,migrated
cdl_2CROWS,Candle,microstructure/shape,Pattern,True,talib,"O,H,L,C",2.0,categorical,False,False
cdl_3BLACKCROWS,Candle,microstructure/shape,Pattern,True,talib,"O,H,L,C",3.0,categorical,False,False
cdl_3INSIDE,Candle,microstructure/shape,Pattern,True,native,"O,H,L,C",3.0,categorical,False,True
cdl_3LINESTRIKE,Candle,microstructure/shape,Pattern,True,talib,"O,H,L,C",3.0,categorical,False,False
cdl_3OUTSIDE,Candle,microstructure/shape,Pattern,True,native,"O,H,L,C",3.0,categorical,False,True
cdl_3STARSINSOUTH,Candle,microstructure/shape,Pattern,True,talib,"O,H,L,C",3.0,categorical,False,False
cdl_3WHITESOLDIERS,Candle,microstructure/shape,Pattern,True,talib,"O,H,L,C",3.0,categorical,False,False
cdl_ABANDONEDBABY,Candle,microstructure/shape,Pattern,True,talib,"O,H,L,C",,categorical,False,False
cdl_ADVANCEBLOCK,Candle,microstructure/shape,Pattern,True,talib,"O,H,L,C",,categorical,False,False
cdl_BELTHOLD,Candle,microstructure/shape,Pattern,True,native,"O,H,L,C",,categorical,False,True
cdl_BREAKAWAY,Candle,microstructure/shape,Pattern,True,talib,"O,H,L,C",,categorical,False,False
cdl_CLOSINGMARUBOZU,Candle,microstructure/shape,Pattern,True,native,"O,H,L,C",,categorical,False,True
cdl_CONCEALBABYSWALL,Candle,microstructure/shape,Pattern,True,talib,"O,H,L,C",,categorical,False,False
cdl_COUNTERATTACK,Candle,microstructure/shape,Pattern,True,talib,"O,H,L,C",,categorical,False,False
cdl_DARKCLOUDCOVER,Candle,microstructure/shape,Pattern,True,native,"O,H,L,C",,categorical,False,True
cdl_DOJI,Candle,microstructure/shape,Pattern,True,native,"O,H,L,C",,categorical,False,True
cdl_DOJISTAR,Candle,microstructure/shape,Pattern,True,native,"O,H,L,C",,categorical,False,True
cdl_DRAGONFLYDOJI,Candle,microstructure/shape,Pattern,True,native,"O,H,L,C",,categorical,False,True
cdl_ENGULFING,Candle,microstructure/shape,Pattern,True,native,"O,H,L,C",,categorical,False,True
cdl_EVENINGDOJISTAR,Candle,microstructure/shape,Pattern,True,talib,"O,H,L,C",,categorical,False,False
cdl_EVENINGSTAR,Candle,microstructure/shape,Pattern,True,native,"O,H,L,C",,categorical,False,True
cdl_GAPSIDESIDEWHITE,Candle,microstructure/shape,Pattern,True,talib,"O,H,L,C",,categorical,False,False
cdl_GRAVESTONEDOJI,Candle,microstructure/shape,Pattern,True,native,"O,H,L,C",,categorical,False,True
cdl_HAMMER,Candle,microstructure/shape,Pattern,True,talib,"O,H,L,C",,categorical,False,False
cdl_HANGINGMAN,Candle,microstructure/shape,Pattern,True,talib,"O,H,L,C",,categorical,False,False
cdl_HARAMI,Candle,microstructure/shape,Pattern,True,native,"O,H,L,C",,categorical,False,True
cdl_HARAMICROSS,Candle,microstructure/shape,Pattern,True,native,"O,H,L,C",,categorical,False,True
cdl_HIGHWAVE,Candle,microstructure/shape,Pattern,True,native,"O,H,L,C",,categorical,False,True
cdl_HIKKAKE,Candle,microstructure/shape,Pattern,True,talib,"O,H,L,C",,categorical,False,False
cdl_HIKKAKEMOD,Candle,microstructure/shape,Pattern,True,talib,"O,H,L,C",,categorical,False,False
cdl_HOMINGPIGEON,Candle,microstructure/shape,Pattern,True,native,"O,H,L,C",,categorical,False,True
cdl_IDENTICAL3CROWS,Candle,microstructure/shape,Pattern,True,talib,"O,H,L,C",,categorical,False,False
cdl_INNECK,Candle,microstructure/shape,Pattern,True,talib,"O,H,L,C",,categorical,False,False
cdl_INVERTEDHAMMER,Candle,microstructure/shape,Pattern,True,talib,"O,H,L,C",,categorical,False,False
cdl_KICKING,Candle,microstructure/shape,Pattern,True,talib,"O,H,L,C",,categorical,False,False
cdl_KICKINGBYLENGTH,Candle,microstructure/shape,Pattern,True,talib,"O,H,L,C",,categorical,False,False
cdl_LADDERBOTTOM,Candle,microstructure/shape,Pattern,True,talib,"O,H,L,C",,categorical,False,False
cdl_LONGLEGGEDDOJI,Candle,microstructure/shape,Pattern,True,native,"O,H,L,C",,categorical,False,True
cdl_LONGLINE,Candle,microstructure/shape,Pattern,True,native,"O,H,L,C",,categorical,False,True
cdl_MARUBOZU,Candle,microstructure/shape,Pattern,True,native,"O,H,L,C",,categorical,False,True
cdl_MATCHINGLOW,Candle,microstructure/shape,Pattern,True,native,"O,H,L,C",,categorical,False,True
cdl_MATHOLD,Candle,microstructure/shape,Pattern,True,talib,"O,H,L,C",,categorical,False,False
cdl_MORNINGDOJISTAR,Candle,microstructure/shape,Pattern,True,talib,"O,H,L,C",,categorical,False,False
cdl_MORNINGSTAR,Candle,microstructure/shape,Pattern,True,native,"O,H,L,C",,categorical,False,True
cdl_ONNECK,Candle,microstructure/shape,Pattern,True,talib,"O,H,L,C",,categorical,False,False
cdl_PIERCING,Candle,microstructure/shape,Pattern,True,native,"O,H,L,C",,categorical,False,True
cdl_RICKSHAWMAN,Candle,microstructure/shape,Pattern,True,talib,"O,H,L,C",,categorical,False,False
cdl_RISEFALL3METHODS,Candle,microstructure/shape,Pattern,True,talib,"O,H,L,C",,categorical,False,False
cdl_SEPARATINGLINES,Candle,microstructure/shape,Pattern,True,talib,"O,H,L,C",,categorical,False,False
cdl_SHOOTINGSTAR,Candle,microstructure/shape,Pattern,True,talib,"O,H,L,C",,categorical,False,False
cdl_SHORTLINE,Candle,microstructure/shape,Pattern,True,native,"O,H,L,C",,categorical,False,True
cdl_SPINNINGTOP,Candle,microstructure/shape,Pattern,True,native,"O,H,L,C",,categorical,False,True
cdl_STALLEDPATTERN,Candle,microstructure/shape,Pattern,True,talib,"O,H,L,C",,categorical,False,False
cdl_STICKSANDWICH,Candle,microstructure/shape,Pattern,True,talib,"O,H,L,C",,categorical,False,False
cdl_TAKURI,Candle,microstructure/shape,Pattern,True,talib,"O,H,L,C",,categorical,False,False
cdl_TASUKIGAP,Candle,microstructure/shape,Pattern,True,talib,"O,H,L,C",,categorical,False,False
cdl_THRUSTING,Candle,microstructure/shape,Pattern,True,talib,"O,H,L,C",,categorical,False,False
cdl_TRISTAR,Candle,microstructure/shape,Pattern,True,talib,"O,H,L,C",,categorical,False,False
cdl_UNIQUE3RIVER,Candle,microstructure/shape,Pattern,True,talib,"O,H,L,C",,categorical,False,False
cdl_UPSIDEGAP2CROWS,Candle,microstructure/shape,Pattern,True,talib,"O,H,L,C",,categorical,False,False
cdl_XSIDEGAP3METHODS,Candle,microstructure/shape,Pattern,True,talib,"O,H,L,C",,categorical,False,False
cycl_DCPERIOD,Cycle,cycle/seasonality,Rolling,True,talib,C,,continuous,False,False
cycl_DCPHASE,Cycle,cycle/seasonality,Rolling,True,talib,C,,continuous,False,False
cycl_EBSW_40_10,Cycle,cycle/seasonality,Rolling,True,pandas_ta,C,10.0,continuous,False,False
cycl_HT_TRENDMODE,Cycle,cycle/seasonality,Rolling,True,talib,"H,L,C",,continuous,False,False
cycl_PHASOR_inph,Cycle,cycle/seasonality,Rolling,True,talib,C,,continuous,False,False
cycl_PHASOR_quad,Cycle,cycle/seasonality,Rolling,True,talib,"H,L,C,V",,continuous,False,False
cycl_SINE_lead,Cycle,cycle/seasonality,Rolling,True,talib,"H,L,C,V",,continuous,False,False
cycl_SINE_sine,Cycle,cycle/seasonality,Rolling,True,talib,C,,continuous,False,False
ma_DEMA_10,MovingAverage,trend/momentum,Rolling,True,native,C,10.0,continuous,False,True
ma_DEMA_100,MovingAverage,trend/momentum,Rolling,True,native,C,100.0,continuous,False,True
ma_DEMA_20,MovingAverage,trend/momentum,Rolling,True,native,C,20.0,continuous,False,True
ma_DEMA_5,MovingAverage,trend/momentum,Rolling,True,native,C,5.0,continuous,False,True
ma_DEMA_50,MovingAverage,trend/momentum,Rolling,True,native,C,50.0,continuous,False,True
ma_EMA_10,MovingAverage,trend/momentum,Rolling,True,native,C,10.0,continuous,False,True
ma_EMA_100,MovingAverage,trend/momentum,Rolling,True,native,C,100.0,continuous,False,True
ma_EMA_20,MovingAverage,trend/momentum,Rolling,True,native,C,20.0,continuous,False,True
ma_EMA_5,MovingAverage,trend/momentum,Rolling,True,native,C,5.0,continuous,False,True
ma_EMA_50,MovingAverage,trend/momentum,Rolling,True,native,C,50.0,continuous,False,True
ma_KAMA_10,MovingAverage,trend/momentum,Rolling,True,talib,C,10.0,continuous,False,False
ma_KAMA_100,MovingAverage,trend/momentum,Rolling,True,talib,C,100.0,continuous,False,False
ma_KAMA_20,MovingAverage,trend/momentum,Rolling,True,talib,C,20.0,continuous,False,False
ma_KAMA_5,MovingAverage,trend/momentum,Rolling,True,talib,C,5.0,continuous,False,False
ma_KAMA_50,MovingAverage,trend/momentum,Rolling,True,talib,C,50.0,continuous,False,False
ma_SMA_10,MovingAverage,trend/momentum,Rolling,True,native,C,10.0,continuous,False,True
ma_SMA_100,MovingAverage,trend/momentum,Rolling,True,native,C,100.0,continuous,False,True
ma_SMA_20,MovingAverage,trend/momentum,Rolling,True,native,C,20.0,continuous,False,True
ma_SMA_5,MovingAverage,trend/momentum,Rolling,True,native,C,5.0,continuous,False,True
ma_SMA_50,MovingAverage,trend/momentum,Rolling,True,native,C,50.0,continuous,False,True
ma_T3_10,MovingAverage,trend/momentum,Rolling,True,talib,C,10.0,continuous,False,False
ma_T3_100,MovingAverage,trend/momentum,Rolling,True,talib,C,100.0,continuous,False,False
ma_T3_20,MovingAverage,trend/momentum,Rolling,True,talib,C,20.0,continuous,False,False
ma_T3_5,MovingAverage,trend/momentum,Rolling,True,talib,C,5.0,continuous,False,False
ma_T3_50,MovingAverage,trend/momentum,Rolling,True,talib,C,50.0,continuous,False,False
ma_TEMA_10,MovingAverage,trend/momentum,Rolling,True,native,C,10.0,continuous,False,True
ma_TEMA_100,MovingAverage,trend/momentum,Rolling,True,native,C,100.0,continuous,False,True
ma_TEMA_20,MovingAverage,trend/momentum,Rolling,True,native,C,20.0,continuous,False,True
ma_TEMA_5,MovingAverage,trend/momentum,Rolling,True,native,C,5.0,continuous,False,True
ma_TEMA_50,MovingAverage,trend/momentum,Rolling,True,native,C,50.0,continuous,False,True
ma_TRIMA_10,MovingAverage,trend/momentum,Rolling,True,talib,C,10.0,continuous,False,False
ma_TRIMA_100,MovingAverage,trend/momentum,GlobalStat,False,talib,C,100.0,continuous,True,False
ma_TRIMA_20,MovingAverage,trend/momentum,GlobalStat,False,talib,C,20.0,continuous,True,False
ma_TRIMA_5,MovingAverage,trend/momentum,GlobalStat,False,talib,C,5.0,continuous,True,False
ma_TRIMA_50,MovingAverage,trend/momentum,GlobalStat,False,talib,C,50.0,continuous,True,False
ma_WMA_10,MovingAverage,trend/momentum,Rolling,True,talib,C,10.0,continuous,False,False
ma_WMA_100,MovingAverage,trend/momentum,Rolling,True,talib,C,100.0,continuous,False,False
ma_WMA_20,MovingAverage,trend/momentum,GlobalStat,False,talib,C,20.0,continuous,True,False
ma_WMA_5,MovingAverage,trend/momentum,Rolling,True,talib,C,5.0,continuous,False,False
ma_WMA_50,MovingAverage,trend/momentum,Rolling,True,talib,C,50.0,continuous,False,False
mtum_ADX,Momentum,trend/momentum,Rolling,True,talib,"H,L,C",,continuous,False,False
mtum_ADXR,Momentum,trend/momentum,Rolling,True,talib,"H,L,C",,continuous,False,False
mtum_AO_5_34,Momentum,trend/momentum,Rolling,True,pandas_ta,C,34.0,continuous,False,False
mtum_APO,Momentum,trend/momentum,GlobalStat,False,talib,C,,continuous,True,False
mtum_AROONOSC,Momentum,trend/momentum,Rolling,True,talib,"H,L,C",,continuous,False,False
mtum_AROON_down,Momentum,trend/momentum,Rolling,True,talib,"H,L,C",,continuous,False,False
mtum_AROON_up,Momentum,trend/momentum,Rolling,True,talib,"H,L,C",,continuous,False,False
mtum_AR_26,Momentum,trend/momentum,Rolling,True,pandas_ta,C,26.0,continuous,False,False
mtum_BEARP_13,Momentum,trend/momentum,Rolling,True,pandas_ta,C,13.0,continuous,False,False
mtum_BIAS_SMA_26,Momentum,trend/momentum,GlobalStat,False,pandas_ta,C,26.0,continuous,True,False
mtum_BOP,Momentum,trend/momentum,Rolling,True,talib,C,,continuous,False,False
mtum_BR_26,Momentum,trend/momentum,GlobalStat,False,pandas_ta,C,26.0,continuous,True,False
mtum_BULLP_13,Momentum,trend/momentum,Rolling,True,pandas_ta,C,13.0,continuous,False,False
mtum_CCI,Momentum,trend/momentum,GlobalStat,False,talib,"H,L,C",,continuous,True,False
mtum_CFO_9,Momentum,trend/momentum,Rolling,True,pandas_ta,C,9.0,continuous,False,False
mtum_CG_10,Momentum,trend/momentum,Rolling,True,pandas_ta,C,10.0,continuous,False,False
mtum_CMO,Momentum,trend/momentum,Rolling,True,talib,C,,continuous,False,False
mtum_CTI_12,Momentum,trend/momentum,Rolling,True,pandas_ta,C,12.0,continuous,False,False
mtum_DMN_14,Momentum,trend/momentum,Rolling,True,pandas_ta,"H,L,C",14.0,continuous,False,False
mtum_DMP_14,Momentum,trend/momentum,Rolling,True,pandas_ta,"H,L,C",14.0,continuous,False,False
mtum_DX,Momentum,trend/momentum,Rolling,True,talib,"H,L,C",,continuous,False,False
mtum_D_9_3,Momentum,trend/momentum,Rolling,True,pandas_ta,C,3.0,continuous,False,False
mtum_ER_10,Momentum,trend/momentum,Rolling,True,pandas_ta,C,10.0,continuous,False,False
mtum_FISHERT_9_1,Momentum,trend/momentum,Rolling,True,pandas_ta,C,1.0,continuous,False,False
mtum_FISHERTs_9_1,Momentum,trend/momentum,Rolling,True,pandas_ta,C,1.0,continuous,False,False
mtum_INERTIA_20_14,Momentum,trend/momentum,Rolling,True,pandas_ta,C,14.0,continuous,False,False
mtum_J_9_3,Momentum,trend/momentum,Rolling,True,pandas_ta,C,3.0,continuous,False,False
mtum_K_9_3,Momentum,trend/momentum,Rolling,True,pandas_ta,C,3.0,continuous,False,False
mtum_MACD,Momentum,trend/momentum,Rolling,True,native,C,,continuous,False,True
mtum_MACD_crash,Momentum,trend/momentum,Derived,False,custom,C,,continuous,False,False
mtum_MACD_ext,Momentum,trend/momentum,GlobalStat,False,talib,C,,continuous,True,False
mtum_MACD_ext_crash,Momentum,trend/momentum,Derived,False,custom,C,,continuous,False,False
mtum_MACD_ext_list,Momentum,trend/momentum,GlobalStat,False,talib,C,,continuous,True,False
mtum_MACD_ext_signal,Momentum,trend/momentum,GlobalStat,False,talib,C,,continuous,True,False
mtum_MACD_fix,Momentum,trend/momentum,Rolling,True,talib,C,,continuous,False,False
mtum_MACD_fix_crash,Momentum,trend/momentum,Derived,False,custom,C,,continuous,False,False
mtum_MACD_fix_list,Momentum,trend/momentum,Rolling,True,talib,C,,continuous,False,False
mtum_MACD_fix_signal,Momentum,trend/momentum,Rolling,True,talib,C,,continuous,False,False
mtum_MACD_list,Momentum,trend/momentum,Rolling,True,native,C,,continuous,False,True
mtum_MACD_signal,Momentum,trend/momentum,Derived,False,native,C,,continuous,False,True
mtum_MFI,Momentum,trend/momentum,Rolling,True,talib,"H,L,C,V",,continuous,False,False
mtum_MINUS_DI,Momentum,trend/momentum,Rolling,True,talib,"H,L,C",,continuous,False,False
mtum_MINUS_DM,Momentum,trend/momentum,Rolling,True,talib,"H,L,C",,continuous,False,False
mtum_MOM,Momentum,trend/momentum,Rolling,True,native,C,,continuous,False,True
mtum_PGO_14,Momentum,trend/momentum,Rolling,True,pandas_ta,C,14.0,continuous,False,False
mtum_PLUS_DI,Momentum,trend/momentum,Rolling,True,talib,"H,L,C",,continuous,False,False
mtum_PLUS_DM,Momentum,trend/momentum,Rolling,True,talib,"H,L,C",,continuous,False,False
mtum_PPO,Momentum,trend/momentum,GlobalStat,False,talib,C,,continuous,True,False
mtum_PSL_12,Momentum,trend/momentum,Rolling,True,pandas_ta,C,12.0,continuous,False,False
mtum_PVO_12_26_9,Momentum,trend/momentum,Rolling,True,pandas_ta,C,9.0,continuous,False,False
mtum_PVOh_12_26_9,Momentum,trend/momentum,Rolling,True,pandas_ta,C,9.0,continuous,False,False
mtum_PVOs_12_26_9,Momentum,trend/momentum,Rolling,True,pandas_ta,C,9.0,continuous,False,False
mtum_QQE_14_5_4,Momentum,trend/momentum,Rolling,True,pandas_ta,C,4.0,continuous,False,False
mtum_QQE_14_5_4236_RSIMA,Momentum,trend/momentum,Rolling,True,pandas_ta,C,423.0,continuous,False,False
mtum_QQEl_14_5_4,Momentum,trend/momentum,Rolling,True,pandas_ta,C,4.0,continuous,False,False
mtum_QQEl_14_5_4236,Momentum,trend/momentum,Rolling,True,pandas_ta,C,423.0,continuous,False,False
mtum_QQEs_14_5_4,Momentum,trend/momentum,Rolling,True,pandas_ta,C,4.0,continuous,False,False
mtum_QQEs_14_5_4236,Momentum,trend/momentum,Rolling,True,pandas_ta,C,423.0,continuous,False,False
mtum_ROC,Momentum,trend/momentum,Rolling,True,native,C,,continuous,False,True
mtum_ROCP,Momentum,trend/momentum,Rolling,True,talib,C,,continuous,False,False
mtum_ROCR,Momentum,trend/momentum,Rolling,True,talib,C,,continuous,False,False
mtum_ROCR100,Momentum,trend/momentum,Rolling,True,talib,C,,continuous,False,False
mtum_RSI,Momentum,trend/momentum,Rolling,True,native,C,,continuous,False,True
mtum_RSX_14,Momentum,trend/momentum,Rolling,True,pandas_ta,C,14.0,continuous,False,False
mtum_SMI_5_20_5,Momentum,trend/momentum,Rolling,True,pandas_ta,C,5.0,continuous,False,False
mtum_SMIo_5_20_5,Momentum,trend/momentum,Rolling,True,pandas_ta,C,5.0,continuous,False,False
mtum_SMIs_5_20_5,Momentum,trend/momentum,Rolling,True,pandas_ta,C,5.0,continuous,False,False
mtum_STC_10_12_26_05,Momentum,trend/momentum,Rolling,True,pandas_ta,C,5.0,continuous,False,False
mtum_STCmacd_10_12_26_05,Momentum,trend/momentum,Rolling,True,pandas_ta,C,5.0,continuous,False,False
mtum_STCstoch_10_12_26_05,Momentum,trend/momentum,Rolling,True,pandas_ta,C,5.0,continuous,False,False
mtum_STOCH_Fa_crash,Momentum,trend/momentum,Derived,False,custom,"H,L,C",,continuous,False,False
mtum_STOCH_Fa_d,Momentum,trend/momentum,Rolling,True,talib,"H,L,C",,continuous,False,False
mtum_STOCH_Fa_k,Momentum,trend/momentum,Rolling,True,talib,"H,L,C",,continuous,False,False
mtum_STOCH_Fa_kd,Momentum,trend/momentum,Rolling,True,talib,"H,L,C",,continuous,False,False
mtum_STOCH_RSI_crash,Momentum,trend/momentum,Derived,False,custom,"H,L,C",,continuous,False,False
mtum_STOCH_RSI_d,Momentum,trend/momentum,GlobalStat,False,talib,"H,L,C",,continuous,True,False
mtum_STOCH_RSI_k,Momentum,trend/momentum,Rolling,True,talib,"H,L,C",,continuous,False,False
mtum_STOCH_RSI_kd,Momentum,trend/momentum,GlobalStat,False,talib,"H,L,C",,continuous,True,False
mtum_STOCH_crash,Momentum,trend/momentum,Derived,False,custom,"H,L,C",,continuous,False,False
mtum_STOCH_d,Momentum,trend/momentum,Rolling,True,talib,"H,L,C",,continuous,False,False
mtum_STOCH_k,Momentum,trend/momentum,Rolling,True,talib,"H,L,C",,continuous,False,False
mtum_STOCH_kd,Momentum,trend/momentum,Rolling,True,talib,"H,L,C",,continuous,False,False
mtum_TRIX,Momentum,trend/momentum,Rolling,True,talib,C,,continuous,False,False
mtum_ULTOSC,Momentum,trend/momentum,Rolling,True,talib,"H,L,C",,continuous,False,False
mtum_WILLIAMS_R,Momentum,trend/momentum,Rolling,True,talib,"H,L,C",,continuous,False,False
mtum_murrey_math,Momentum,trend/momentum,Rolling,True,custom,C,,continuous,False,False
mtum_td_seq,Momentum,trend/momentum,Rolling,True,custom,C,,continuous,False,False
mtum_td_seq_sig,Momentum,trend/momentum,Rolling,True,custom,C,,continuous,False,False
olap_ALMA_10_60_085,Overlap,trend/momentum,Rolling,True,pandas_ta,C,85.0,continuous,False,False
olap_BBAND_LOWER,Overlap,trend/momentum,Rolling,True,native,C,,continuous,False,True
olap_BBAND_LOWER_crash,Overlap,trend/momentum,Derived,False,custom,C,,continuous,False,False
olap_BBAND_MIDDLE,Overlap,trend/momentum,Rolling,True,native,C,,continuous,False,True
olap_BBAND_UPPER,Overlap,trend/momentum,Rolling,True,native,C,,continuous,False,True
olap_BBAND_UPPER_crash,Overlap,trend/momentum,Derived,False,native,C,,continuous,False,True
olap_BBAND_dif,Overlap,trend/momentum,Derived,False,native,C,,continuous,False,True
olap_FAMA,Overlap,trend/momentum,Rolling,True,talib,C,,continuous,False,False
olap_HT_TRENDLINE,Overlap,trend/momentum,Rolling,True,talib,C,,continuous,False,False
olap_HWMA_02_01_01,Overlap,trend/momentum,Rolling,True,pandas_ta,C,1.0,continuous,False,False
olap_JMA_7_0,Overlap,trend/momentum,Rolling,True,pandas_ta,C,0.0,continuous,False,False
olap_MAMA,Overlap,trend/momentum,Rolling,True,talib,C,,continuous,False,False
olap_MAVP,Overlap,trend/momentum,Rolling,True,talib,C,,continuous,False,False
olap_MCGD_10,Overlap,trend/momentum,GlobalStat,False,pandas_ta,C,10.0,continuous,True,False
olap_MIDPOINT,Overlap,trend/momentum,Rolling,True,talib,C,,continuous,False,False
olap_MIDPRICE,Overlap,trend/momentum,Rolling,True,talib,"H,L,C",,continuous,False,False
olap_PWMA_10,Overlap,trend/momentum,Rolling,True,pandas_ta,C,10.0,continuous,False,False
olap_SAR,Overlap,trend/momentum,Rolling,True,talib,"H,L,C",,continuous,False,False
olap_SAREXT,Overlap,trend/momentum,Rolling,True,talib,"H,L,C",,continuous,False,False
olap_SINWMA_14,Overlap,trend/momentum,Rolling,True,pandas_ta,C,14.0,continuous,False,False
olap_SSF_10_2,Overlap,trend/momentum,Rolling,True,pandas_ta,C,2.0,continuous,False,False
olap_SWMA_10,Overlap,trend/momentum,Rolling,True,pandas_ta,C,10.0,continuous,False,False
olap_VMAP,Overlap,trend/momentum,GlobalStat,False,talib,C,,continuous,True,False
olap_VWMA_10,Overlap,trend/momentum,Rolling,True,pandas_ta,C,10.0,continuous,False,False
perf_CUMLOGRET_1,Performance,return,GlobalStat,False,talib,C,1.0,continuous,True,False
perf_CUMPCTRET_1,Performance,return,GlobalStat,False,talib,C,1.0,continuous,True,False
perf_ha,Performance,return,Rolling,True,talib,C,,continuous,False,False
perf_z_30_1,Performance,return,Rolling,True,pandas_ta,C,1.0,continuous,False,False
sti_BETA,Statistics,statistical,Rolling,True,talib,C,,continuous,False,False
sti_CORREL,Statistics,statistical,Rolling,True,talib,C,,continuous,False,False
sti_ENTP_10,Statistics,statistical,GlobalStat,False,talib,C,10.0,continuous,True,False
sti_KURT_30,Statistics,statistical,Rolling,True,talib,C,30.0,continuous,False,False
sti_LINEARREG,Statistics,statistical,Rolling,True,talib,C,,continuous,False,False
sti_LINEARREG_ANGLE,Statistics,statistical,Rolling,True,talib,C,,continuous,False,False
sti_LINEARREG_INTERCEPT,Statistics,statistical,Rolling,True,talib,C,,continuous,False,False
sti_LINEARREG_SLOPE,Statistics,statistical,Rolling,True,talib,C,,continuous,False,False
sti_STDDEV,Statistics,statistical,Rolling,True,talib,C,,continuous,False,False
sti_TOS_STDEVALL_LR,Statistics,statistical,Rolling,True,talib,C,,continuous,False,False
sti_TOS_STDEVALL_L_1,Statistics,statistical,Rolling,True,talib,C,1.0,continuous,False,False
sti_TOS_STDEVALL_L_2,Statistics,statistical,Rolling,True,talib,C,2.0,continuous,False,False
sti_TOS_STDEVALL_L_3,Statistics,statistical,Rolling,True,talib,C,3.0,continuous,False,False
sti_TOS_STDEVALL_U_1,Statistics,statistical,Rolling,True,talib,C,1.0,continuous,False,False
sti_TOS_STDEVALL_U_2,Statistics,statistical,Rolling,True,talib,C,2.0,continuous,False,False
sti_TOS_STDEVALL_U_3,Statistics,statistical,Rolling,True,talib,C,3.0,continuous,False,False
sti_TSF,Statistics,statistical,Rolling,True,talib,C,,continuous,False,False
sti_VAR,Statistics,statistical,Rolling,True,talib,C,,continuous,False,False
sti_ZS_30,Statistics,statistical,Rolling,True,talib,C,30.0,continuous,False,False
tend_LDECAY_5,Trend,trend/momentum,Rolling,True,custom,C,5.0,continuous,False,False
tend_PSARaf_002_02,Trend,trend/momentum,Rolling,True,pandas_ta,"H,L,C",2.0,continuous,False,False
tend_PSARl_0,Trend,trend/momentum,Rolling,True,talib,"H,L,C",0.0,continuous,False,False
tend_PSARl_002_02,Trend,trend/momentum,Rolling,True,pandas_ta,"H,L,C",2.0,continuous,False,False
tend_PSARr_002_02,Trend,trend/momentum,Rolling,True,pandas_ta,"H,L,C",2.0,continuous,False,False
tend_PSARs_0,Trend,trend/momentum,Rolling,True,talib,"H,L,C",0.0,continuous,False,False
tend_PSARs_002_02,Trend,trend/momentum,Rolling,True,pandas_ta,"H,L,C",2.0,continuous,False,False
tend_VHF_28,Trend,trend/momentum,Rolling,True,talib,C,28.0,continuous,False,False
tend_hh,Trend,trend/momentum,Rolling,True,custom,"H,L,C",,continuous,False,False
tend_hh_crash,Trend,trend/momentum,Derived,False,custom,"H,L,C",,continuous,False,False
tend_hl,Trend,trend/momentum,Rolling,True,custom,"H,L,C",,continuous,False,False
tend_hl_crash,Trend,trend/momentum,Derived,False,custom,"H,L,C",,continuous,False,False
tend_lh,Trend,trend/momentum,Rolling,True,custom,"H,L,C",,continuous,False,False
tend_lh_crash,Trend,trend/momentum,Derived,False,custom,"H,L,C",,continuous,False,False
tend_ll,Trend,trend/momentum,Rolling,True,custom,"H,L,C",,continuous,False,False
tend_ll_crash,Trend,trend/momentum,Derived,False,custom,"H,L,C",,continuous,False,False
tend_renko_ATR,Trend,trend/momentum,Derived,False,custom,"H,L,C",,continuous,False,False
tend_renko_TR,Trend,trend/momentum,Derived,False,custom,"H,L,C",,continuous,False,False
tend_renko_brick,Trend,trend/momentum,Derived,False,custom,"H,L,C",,continuous,False,False
tend_renko_change,Trend,trend/momentum,Derived,False,custom,"H,L,C",,continuous,False,False
tend_renko_uptrend,Trend,trend/momentum,Derived,False,custom,"H,L,C",,continuous,False,False
tend_signals,Trend,trend/momentum,Rolling,True,custom,C,,continuous,False,False
tend_tsignals,Trend,trend/momentum,Rolling,True,custom,C,,continuous,False,False
ti_acc_dist,Custom,mixed,GlobalStat,False,talib,C,,continuous,True,False
ti_chaikin_10_3,Custom,mixed,Rolling,True,custom,C,3.0,continuous,False,False
ti_choppiness_14,Custom,mixed,Rolling,True,custom,"H,L,C",14.0,continuous,False,False
ti_coppock_14_11_10,Custom,mixed,Rolling,True,custom,C,10.0,continuous,False,False
ti_donchian_center_20,Custom,mixed,Rolling,True,custom,"H,L,C",20.0,continuous,False,False
ti_donchian_lower_20,Custom,mixed,Rolling,True,custom,"H,L,C",20.0,continuous,False,False
ti_donchian_upper_20,Custom,mixed,Rolling,True,custom,"H,L,C",20.0,continuous,False,False
ti_ease_of_movement_14,Custom,mixed,Rolling,True,custom,C,14.0,continuous,False,False
ti_force_index_13,Custom,mixed,Rolling,True,custom,C,13.0,continuous,False,False
ti_hma_20,Custom,mixed,Rolling,True,talib,C,20.0,continuous,False,False
ti_kelt_20_lower,Custom,mixed,Rolling,True,custom,"H,L,C",20.0,continuous,False,False
ti_kelt_20_upper,Custom,mixed,Rolling,True,custom,"H,L,C",20.0,continuous,False,False
ti_konk_avg,Custom,mixed,Rolling,True,custom,C,,continuous,False,False
ti_konk_bl_avg_crash,Custom,mixed,Derived,False,custom,C,,continuous,False,False
ti_konk_blue,Custom,mixed,Rolling,True,custom,C,,continuous,False,False
ti_konk_brown,Custom,mixed,Rolling,True,custom,C,,continuous,False,False
ti_konk_gre_avg_crash,Custom,mixed,Derived,False,custom,C,,continuous,False,False
ti_konk_gre_bl_crash,Custom,mixed,Derived,False,custom,C,,continuous,False,False
ti_konk_green,Custom,mixed,Rolling,True,custom,C,,continuous,False,False
ti_konk_rest,Custom,mixed,Rolling,True,custom,C,,continuous,False,False
ti_mass_index_9_25,Custom,mixed,Rolling,True,custom,"H,L,C",25.0,continuous,False,False
ti_supertrend_20,Custom,mixed,Rolling,True,custom,"H,L,C",20.0,continuous,False,False
ti_vortex_neg_14,Custom,mixed,Rolling,True,custom,"H,L,C",14.0,continuous,False,False
ti_vortex_neg_5,Custom,mixed,Rolling,True,custom,"H,L,C",5.0,continuous,False,False
ti_vortex_pos_14,Custom,mixed,Rolling,True,custom,"H,L,C",14.0,continuous,False,False
ti_vortex_pos_5,Custom,mixed,Rolling,True,custom,"H,L,C",5.0,continuous,False,False
vola_ATR,Volatility,volatility/risk,Rolling,True,native,"H,L,C",,continuous,False,True
vola_HWL,Volatility,volatility/risk,Rolling,True,talib,C,,continuous,False,False
vola_HWM,Volatility,volatility/risk,Rolling,True,talib,C,,continuous,False,False
vola_HWU,Volatility,volatility/risk,Rolling,True,talib,C,,continuous,False,False
vola_KCBe_20_2,Volatility,volatility/risk,Rolling,True,pandas_ta,"H,L,C",2.0,continuous,False,False
vola_KCLe_20_2,Volatility,volatility/risk,Rolling,True,pandas_ta,"H,L,C",2.0,continuous,False,False
vola_KCUe_20_2,Volatility,volatility/risk,Rolling,True,pandas_ta,"H,L,C",2.0,continuous,False,False
vola_NATR,Volatility,volatility/risk,Rolling,True,native,"H,L,C",,continuous,False,True
vola_RVI_14,Volatility,volatility/risk,Rolling,True,pandas_ta,C,14.0,continuous,False,False
vola_THERMO_20_2_05,Volatility,volatility/risk,Rolling,True,pandas_ta,"H,L,C",5.0,continuous,False,False
vola_THERMOl_20_2_05,Volatility,volatility/risk,Rolling,True,pandas_ta,"H,L,C",5.0,continuous,False,False
vola_THERMOma_20_2_05,Volatility,volatility/risk,Rolling,True,pandas_ta,"H,L,C",5.0,continuous,False,False
vola_THERMOs_20_2_05,Volatility,volatility/risk,Rolling,True,pandas_ta,"H,L,C",5.0,continuous,False,False
vola_TRANGE,Volatility,volatility/risk,Rolling,True,native,"H,L,C",,continuous,False,True
vola_TRUERANGE_1,Volatility,volatility/risk,Rolling,True,pandas_ta,C,1.0,continuous,False,False
vola_UI_14,Volatility,volatility/risk,Rolling,True,pandas_ta,C,14.0,continuous,False,False
volu_Chaikin_AD,Volume,flow/liquidity,Cumulative,True,talib,"H,L,C,V",,continuous,False,False
volu_Chaikin_ADOSC,Volume,flow/liquidity,Rolling,True,talib,"H,L,C,V",,continuous,False,False
volu_EFI_13,Volume,flow/liquidity,Rolling,True,talib,"H,L,C,V",13.0,continuous,False,False
volu_NVI_1,Volume,flow/liquidity,Cumulative,True,talib,"H,L,C,V",1.0,continuous,False,False
volu_OBV,Volume,flow/liquidity,Cumulative,True,native,"H,L,C,V",,continuous,False,True
volu_PVI_1,Volume,flow/liquidity,Cumulative,True,talib,"H,L,C,V",1.0,continuous,False,False
volu_PVOL,Volume,flow/liquidity,Rolling,True,talib,"H,L,C,V",,continuous,False,False
volu_PVR,Volume,flow/liquidity,Rolling,True,talib,"H,L,C,V",,continuous,False,False
volu_PVT,Volume,flow/liquidity,Cumulative,True,native,"H,L,C,V",,continuous,False,True
